title;description;url;image
Todo App;A website to show entire coding project and app;https://github.com/himanshugithu/web_todo;three.jpg
Portfolio;A website to show entire coding project and app;https://github.com/himanshugithu/portfolio;three.jpg
zip_compressor;project description here;https://github.com/himanshugithu/zip_extract;three.jpg
zip archiver;project description here;https://github.com/himanshugithu/zip_extract;three.jpg
Water logged;project description here;https://github.com/himanshugithu/zip_extract;three.jpg
Stret light;project description here;https://github.com/himanshugithu/zip_extract;three.jpg
Moiture detection;project description here;https://github.com/himanshugithu/zip_extract;three.jpg
Railway awarnng system;project description here;https://github.com/himanshugithu/zip_extract;three.jpg
TEMP and HUMI monitor system;project description here;https://github.com/himanshugithu/zip_extract;three.jpg
kslFnjij;project description here;https://github.com/himanshugithu/zip_extract;three.jpg

